{
    "Model": "ARIMA(2, 0, 4)",
    "Test_Period": 90,
    "MSE": 0.02116291451213973,
    "RMSE": 0.1454747899539289,
    "MAE": 0.10750225384570883,
    "MAPE": 157.84037991186244,
    "R2": -0.029376993640108706,
    "Direction_Accuracy": 55.0561797752809
}